{
    // Meta data for display purposes
    "meta" : {
        "label" : "Tableau Server - Custom PDF Export",
        "description" : "Export your views as pdf file according to the applied values of a filter ",
        "icon" : "icon-cloud-download"
    },

    "kind" : "PYTHON",

    "inputRoles" : [
        {
            "name": "filter_values",
            "label": "Dataset with the filter and its values",
            "description": "Your dataset must contains one column. The name of the column is your filter name and lines are its values",
            "arity": "UNARY",
            "required": true,
            "acceptsDataset": true
        }
    ],

    "outputRoles" : [
        {
            "name": "exported_files",
            "label": "Exported and sent files",
            "description": "List of the exported and sent PDF files",
            "arity": "UNARY",
            "required": true,
            "acceptsDataset": true
        }
    ],

    // The field "params" holds a list of all the params
    // for wich the user will be prompted for values in the Settings tab of the recipe.

    // The available parameter types are:
    // STRING, INT, DOUBLE, BOOLEAN, PASSWORD, SELECT, MAP, COLUMN, COLUMNS, TEXTAREA

    "params": [
        {
            "name": "url",
            "label" : "URL",
            "type": "STRING",
            "description":"URL of your Tableau Server or Online",
            "mandatory" : true
        },
        {
            "name": "site",
            "label" : "Site",
            "type": "STRING",
            "description":"To fill only if you are using Tableau Online",
            "mandatory" : false
        },
        {
            "name": "login",
            "label" : "Login",
            "type": "STRING",
            "description":"Login used to be connected to your Tableau Server",
            "mandatory" : true
        },
        
        {
            "name": "password",
            "label" : "Password",
            "type": "PASSWORD",
            "description":"Password associated to your login",
            "mandatory" : true
        },
        {
            "name": "view",
            "label" : "View name",
            "type": "STRING",
            "description":"Name of the view to export",
            "mandatory" : true
        },        
        
        {
            "name": "values",
            "label": "Filter values",
            "description": "Values of the filter to apply to the view",
            "type": "COLUMN",
            "columnRole":"filter_values"
        },
        {
            "name": "email",
            "label" : "Your Email",
            "type": "STRING",
            "description":"Fill this with your email to get the exported PDF file",
            "mandatory" : true
        }

    ],

    "resourceKeys" : []

}
