{
  "type": "STANDARD",
  "hasLegacyBackendURL": false,
  "params": {
    "html": "\u003c!-- Body of your app --\u003e",
    "css": "body {\n}",
    "backendEnabled": true,
    "autoStartBackend": false,
    "envSelection": {
      "envMode": "INHERIT"
    },
    "libraries": [
      "jquery",
      "dataiku"
    ]
  },
  "name": "standard webapp",
  "apiKey": "dummyKey_HBVzSujDYjxiOSrjN2DIsAAvTVHrMQw6",
  "versionTag": {
    "versionNumber": 3,
    "lastModifiedBy": {
      "login": "yanni"
    },
    "lastModifiedOn": 1548495464747
  },
  "creationTag": {
    "versionNumber": 0,
    "lastModifiedBy": {
      "login": "yanni"
    },
    "lastModifiedOn": 1548495154507
  },
  "tags": [],
  "checklists": {
    "checklists": []
  }
}