[
  {
    "execSQLLike": false,
    "localDatasets": [],
    "projectPrivileges": {
      "admin": false,
      "readProjectContent": false,
      "writeProjectContent": false,
      "exportDatasetsData": false,
      "readDashboards": false,
      "writeDashboards": false,
      "moderateDashboards": false,
      "runScenarios": false,
      "manageDashboardAuthorizations": false,
      "manageExposedElements": false,
      "manageAdditionalDashboardUsers": false
    },
    "id": "pVsrRaIgWjDGCMa7",
    "key": "dummyKey_HBVzSujDYjxiOSrjN2DIsAAvTVHrMQw6",
    "label": "Key for Web app standard webapp(Ewo6tZ5)",
    "createdOn": 1548495154382
  }
]